,Country_ID,Country,Total Population,Region,A/V & Photo Adj,Education Adj,Jewellery & Travel Goods Adj,Reading Materials Adj,Recreation - Other Adj,Garden & Pets Adj,Personal Care Adj,Recreational & Cultural Services Adj,Disposable Income Adj,Action Figure Toys Adj,Arts & Crafts Toys Adj,Baby Toys Adj,Construction Toys Adj,Dolls Adj,Dress-Up & Role Play Adj,Games & Puzzles Adj,Model Vehicles Adj,Other Toys & Games Adj,Outdoor Toys & Sports Adj,Plush Toys Adj,Pre-School Toys Adj,Remote Control Toys Adj,Ride-On Toy Vehicles Adj,Educational Toys Adj,Video Games Hardware Adj,Video Games Software Adj,Total Toys,BinIncome
0,1,Algeria,44178.0,Middle East and Africa,17.516490578622758,66.48282492663321,35.35231610817364,2.682967027919173,0.27849106985620853,1.0996855242533512,91.0918167125856,0.13415388579718787,5.653804164769751,,,,,,,,,,,,,,,,,,,4-6K
1,2,Angola,34503.8,Middle East and Africa,2.0346076812618854,37.509685105699866,16.378886847355073,6.185497993667148,2.698223478058194,17.501685221913213,66.90305181810105,15.901839581558965,4.2279263709778165,,,,,,,,,,,,,,,,,,,4-6K
2,3,Argentina,45120.3,Latin America,98.72161634864642,453.9525018210359,45.05960830261516,152.1722716384724,5.056843069452202,312.6200002376161,363.15282484403474,504.10201598919923,14.599875105677024,1.1361767763587989,1.9969513610611436,3.795785465139119,0.9470388972792436,1.4052985938745766,0.9656205001086842,2.463308068945282,1.3837584676896106,0.2856272636044984,1.2647946864463782,0.9517102499458627,0.797192284517807,0.2611286140640072,0.7886281379623385,0.05574480848832116,5.212191497576546,43.60769998991143,67.31865566297364,12-15K
3,4,Australia,25688.1,Australasia,838.6165838137764,1496.638521338674,240.84044103430514,166.80356533440258,89.16969335996045,57.816654404179374,576.7573312156213,499.05857835599625,32.828466618135764,2.301973806289034,2.0216883822989375,1.5026413008357955,6.776159648501318,3.8149960487540926,1.1055702835164922,2.3876165747304525,1.4714984759480072,2.2448786273280885,5.429232472104464,1.5519507735747942,3.705996161646833,1.51821271327969,1.4714984759480072,2.6756877049424963,32.6272995407731,92.6784516306513,165.2853526211229,30-40K
4,5,Austria,8932.7,Western Europe,55.9321369798605,271.2505737347051,227.15696262048425,301.32266839813263,25.66413290494475,730.8960336740291,746.8206701221354,9.529593515958219,3.3962295834406167,,,,,,,,,,,,,,,,,,,2-4K
5,6,Azerbaijan,10119.1,Asia Pacific,57.811465446531805,130.24873753594687,55.22559647926529,22.910469639921864,2.7670445000049413,31.788070744104385,157.65565448837677,107.76650097340672,8.787919215477002,,,,,,,,,,,,,,,,,,,6-9K
6,7,Bahrain,1504.4,Middle East and Africa,91.7309226269609,694.6290880085083,140.58760967827703,248.93645307099175,14.623770273863332,53.842063281042265,817.2693432597713,118.65195426748204,24.648032438181332,,,,,,,,,,,,,,,,,,,20-25K
7,8,Bangladesh,169356.3,Asia Pacific,22.818217007760836,174.8005935474871,70.79371499743516,1.6377588544046715,0.06259364978343063,0.26402228011587064,59.64948291424907,0.30747203997740363,4.348947814116298,,,,,,,,,,,,,,,,,,,4-6K
8,9,Belarus,9349.6,Eastern Europe,137.34396242738845,136.1555574570035,17.576509511993383,58.992422729908824,4.456518638943555,73.89502105853606,314.47572326326497,16.566365287166175,11.233766388104542,,,,,,,,,,,,,,,,,,,9-12K
9,10,Belgium,11521.2,Western Europe,317.52334826233374,95.64975870569037,149.9192792417456,294.2401833142381,90.4094191577266,63.01426934694302,479.2903516994757,721.7347151338402,32.8383545116828,,,,,,,,,,,,,,,,,,,30-40K
10,11,Bolivia,11964.2,Latin America,24.753334627793425,301.29951792077134,19.439404479774918,28.189869006639036,3.889809727224682,12.656347848002952,59.22154941730007,30.353374747483837,5.681041388861385,,,,,,,,,,,,,,,,,,,4-6K
11,12,Bosnia and Herzegovina,3462.6,Eastern Europe,97.3257090047941,152.65159954122007,120.75979239382463,58.420179716315566,1.3614872391514221,156.57103250241357,56.19229150679506,210.41166423249254,10.98864602156926,,,,,,,,,,,,,,,,,,,9-12K
12,13,Brazil,214306.9,Latin America,57.701735221777746,44.73845685789865,25.833045972854816,43.65683046136173,1.2036943280874297,56.373733183579255,327.234447420965,40.53868540863593,10.750820435552939,3.5847655861757137,0.20699286863838728,2.9744259284232095,1.042616919940515,6.615185978612914,0.19467408655530924,2.842465641563571,3.028367262090021,0.18963458479405004,0.7284879768220249,0.392147896311318,1.625705938539543,0.43582357824223117,0.6256448112496611,0.14838532963707654,2.9443755660690347,18.231797482955518,45.811497436620094,9-12K
13,14,Bulgaria,6916.5,Eastern Europe,60.3319184971755,183.9906641468125,125.45569084280861,120.498600654749,47.6087203478225,275.80010533816653,300.77144716051686,454.95760655162087,15.821751298654359,,,,,,,,,,,,,,,,,,,15-20K
14,15,Cambodia,16589.0,Asia Pacific,14.799320582286558,77.07842624722312,23.032951776536795,12.471217827353124,5.772997613564677,17.416754265767853,40.70193130356223,33.86280718909337,3.4492806412807764,,,,,,,,,,,,,,,,,,,2-4K
15,16,Cameroon,27198.6,Middle East and Africa,1.581790488204789,18.511917390291032,4.1636875671225475,4.303005091648624,2.103688135934894,12.740923186068645,30.60292448655575,5.970957162685168,2.861172041859038,,,,,,,,,,,,,,,,,,,2-4K
16,17,Canada,38246.1,North America,351.8354376873285,491.1982311050452,21.043539951350162,150.34430525813963,256.3093579040303,772.2312427498055,638.5204417356716,773.5363867165541,3.1383156278243622,3.4447956785136262,5.333877179634003,2.7301258603273713,4.876314186283047,4.067952898029691,2.303067066533146,8.987844512250922,3.4491534213074453,1.5971127339345277,5.78708243019114,2.660401975626273,3.924147385833676,3.000305913544126,1.5469986918056133,4.074489512220419,18.359170390357885,80.83612882533558,156.9789686617285,2-4K
17,18,Chile,19465.7,Latin America,129.29808091944068,58.20277507664084,152.8984037720696,129.1061736393239,8.062523157993326,330.869423980528,653.9179516749697,333.4834017231266,17.272826566765055,,,,,,,,,,,,,,,,,,,15-20K
18,19,China,1412120.0,Asia Pacific,84.26755853745061,442.25158593023934,40.34073051932724,38.011254270849776,24.472070362292158,77.04319611310518,48.282184301077876,99.17493184850066,11.356203860322136,0.6423809928469588,0.6186746573540898,0.9857013365921958,2.220993629301705,1.4844111454172921,0.9634450330000284,1.520476473738236,0.9135538191142532,0.32694847193615,0.4575187863435321,0.806335762642592,0.8682993351435127,1.0937455740305355,1.0753335410588336,0.40105184639643465,0.9446114791269593,50.66337273373502,65.98685461777832,9-12K
19,20,Colombia,51466.2,Latin America,19.5191581215971,505.0465134088458,145.82146030717146,37.6197285383027,1.574865728016208,12.665487278088213,255.52732779357274,2.2829204853277427,12.809992729523264,,,,,,,,,,,,,,,,,,,12-15K
20,21,Costa Rica,5124.6,Latin America,35.08158228220997,640.660343309599,181.81003045257708,26.45813835296874,3.5625936324878706,48.057178410332455,1669.8364198424244,51.594111104290995,14.80631939045668,,,,,,,,,,,,,,,,,,,12-15K
21,22,CÃ´te d'Ivoire,27478.2,Middle East and Africa,2.7585142929365363,141.5717811618515,23.649110480055175,16.943275745972358,2.502939107111658,16.331301031242635,74.71557917882406,25.63972526436612,0.4305157608691366,,,,,,,,,,,,,,,,,,,Under 2K
22,23,Croatia,3916.9,Eastern Europe,364.37456917460236,220.34325614644234,41.68634634532411,390.2400495289642,141.1910567030049,28.05949858306313,766.3027521764659,751.5031019428628,22.84212323521152,,,,,,,,,,,,,,,,,,,20-25K
23,24,Czech Republic,10494.8,Eastern Europe,247.90225782145592,10.824408278385487,10.248298791196227,140.98923716067446,28.46904401007386,312.1032833842988,526.1448160407645,68.14583632626854,24.45740161427931,,,,,,,,,,,,,,,,,,,20-25K
24,25,Denmark,5840.0,Western Europe,552.4458188509507,251.86822735636883,189.68258024943773,222.63340830096098,152.2004702514823,552.8956246166427,592.6012062972807,1258.1297280719687,29.194234307912495,,,,,,,,,,,,,,,,,,,25-30K
25,26,Dominican Republic,11117.9,Latin America,164.3762749567609,365.8087693229564,1.8045935958445847,30.820409236285744,0.12448090419285462,53.756015833819205,133.44694492930643,49.02574147449074,15.663379422008598,,,,,,,,,,,,,,,,,,,15-20K
26,27,Ecuador,17664.4,Latin America,107.14204841375874,325.3323067865311,34.6685989900591,101.83193315368763,2.3776635492855682,48.7760693824868,407.5881433844342,65.31781436108783,8.296222911618848,,,,,,,,,,,,,,,,,,,6-9K
27,28,Egypt,101463.7,Middle East and Africa,11.431588877084378,5.59549011552686,46.72799880325588,93.90293405853309,0.23696630677640937,9.140557486162004,302.8118730489649,8.109132711458898,12.198823001638068,,,,,,,,,,,,,,,,,,,12-15K
28,29,El Salvador,6314.2,Latin America,122.39080168509074,245.38342149440945,50.362674606442624,71.93310316429636,3.579234107250325,172.31003135789175,395.6479047226885,63.79272116816066,1.0603718602514967,,,,,,,,,,,,,,,,,,,Under 2K
29,30,Estonia,1330.1,Eastern Europe,302.9847379896249,96.73458135979753,174.04706413051653,215.52264240783902,16.038894318722907,413.62804801643995,533.9197554068618,577.4001954740246,21.28624414204446,,,,,,,,,,,,,,,,,,,20-25K
30,31,Ethiopia,120283.0,Middle East and Africa,0.9723471690294897,0.5265160933115948,0.22435100147810885,0.32878097977210463,0.12841418293081835,0.9165435208345881,57.27763008784379,1.3003506060078818,2.0495728389229786,,,,,,,,,,,,,,,,,,,2-4K
31,32,Finland,5533.8,Western Europe,329.40745961183995,112.12909754599006,138.03805703133472,312.98565181249774,204.33517655137518,638.2368354476127,608.6911344826339,998.6356572337272,30.994072789041887,,,,,,,,,,,,,,,,,,,30-40K
32,33,France,65235.8,Western Europe,300.13756688373996,133.86383374947937,279.1236888772291,32.33106449438586,1.4058888787182149,66.68555784225401,674.6142455522888,721.7794085894117,34.050869526942485,5.29069708875889,3.742467435715622,8.518547878837781,10.79162055190555,8.288612781851157,2.213946505271207,13.517993844746947,2.1351116148757936,2.741702299307173,5.787794869863305,2.5249063507197844,4.495778610605133,2.6825761315106122,0.9525882589445848,1.4190280271174502,19.97588528297127,62.18320965744927,157.26246719045156,30-40K
33,34,Georgia,3728.6,Eastern Europe,117.73856139033417,432.1997532585957,64.20640454862415,58.97655956659336,5.980797082014697,36.82347261706807,257.0669956552057,163.92211553934456,12.231132328487904,,,,,,,,,,,,,,,,,,,12-15K
34,35,Germany,83155.0,Western Europe,485.43769380760546,274.47537730743795,19.86479637853578,401.0737263458086,82.57556886021803,661.0804263982066,617.0456204849808,785.6532980578438,38.106345293213195,7.553879588032675,1.659551440081775,3.3465902746162506,14.8741163232174,4.533702122542241,0.718108180076793,10.780212511918362,3.681592894508534,1.6080125754829624,3.83964541261156,3.8447992990714415,6.43720418839173,6.179509865397666,2.1354269565441473,0.9826743516840326,23.56013297027067,48.87086937474768,144.60602832919594,30-40K
35,36,Ghana,32833.0,Middle East and Africa,18.74307265092517,524.0697654401258,4.910224204439066,31.532432242746232,2.5544289348335916,5.04661932122904,68.84113147032613,19.46212651905096,4.169471594723761,,,,,,,,,,,,,,,,,,,4-6K
36,37,Greece,10678.6,Western Europe,167.41895004963197,523.8139831063997,77.38842170321952,126.36487929129287,103.98366827112169,149.30796171782816,588.5041110257898,672.7099057928942,24.306407206937237,,,,,,,,,,,,,,,,,,,20-25K
37,38,Guatemala,17111.4,Latin America,17.708954264408522,192.58652126652407,107.96311231109085,20.778545297287188,1.7912035251352898,51.97996657199294,252.78469324543866,67.74431081033697,8.968927147983214,,,,,,,,,,,,,,,,,,,6-9K
38,39,Honduras,10278.3,Latin America,58.49432515320843,155.86685505349095,48.54077684701426,35.34054666051202,4.152041283668109,3.0701142752746615,116.33372862856339,10.709365758352458,5.138799253803681,,,,,,,,,,,,,,,,,,,4-6K
39,40,Hong Kong - China,7413.1,Asia Pacific,84.9755437522535,1308.4601263589946,189.68710681434536,34.652352717783835,16.619685398889594,13.309009314477416,1407.0464813892218,81.04754546978104,52.67134292042327,9.296415027085583,3.9051344973591187,3.1574887241527763,16.4733571741642,1.1294709845991828,2.3824064088104224,4.229800245968599,6.264677121056197,1.4244138125613177,1.5661692802640492,1.1591939052465299,4.392133120273341,3.9577212031198084,0.9579925962491045,2.9608601721780197,28.623172583395085,105.79759285497569,197.67799971145905,40-54K
40,41,Hungary,9730.8,Eastern Europe,157.77488150958445,31.700300185570732,7.683036492710568,122.41528885707831,2.7948450724886493,396.40830503561097,322.06011986466524,498.9401619707091,19.739180772540585,,,,,,,,,,,,,,,,,,,15-20K
41,42,India,1366566.8,Asia Pacific,10.434218096387792,210.2482892871038,17.437947921503124,6.382392369872721,1.2195329755282136,11.456140963289702,54.12910887594245,3.5799914162945448,5.755684260404778,0.020634392597616864,0.03132693171500011,0.22713602564041355,0.04506006307697256,0.2776401366573871,0.004387410593592946,0.4398418546843586,0.2933130649388849,0.009765221565610183,0.03661327258837306,0.055721060781030195,0.105209538288919,0.04736889453240752,0.015975725849423635,0.007532089502156692,0.20378591735546128,3.2475196867119096,5.068831287079518,4-6K
42,43,Indonesia,273753.2,Asia Pacific,92.3393718927067,274.91164834216545,15.702792534193502,28.366644654418675,2.8181828832320583,12.024347231292117,93.42423191687017,35.15911841743371,7.5706523450525225,0.00048038343981772377,0.0002541626029460664,0.0002672123288599387,0.0008193692612039604,0.0002272955201822116,0.0003396766892287356,0.0003414422403817889,0.00037460389682174685,0.00010055965263042795,0.00015429381815813755,0.0003944855380669994,0.00021984950010194324,0.00046180677116385845,0.00012174626646706773,0.00010677746321292005,0.00037590886941313414,0.01893254235584597,0.023972116214502633,6-9K
43,44,Iran,87923.4,Middle East and Africa,0.9445165746043661,106.10219546362327,0.5545272171359701,5.491767576347275,0.1209130565804183,4.762027477929259,4.186374940855193,8.520300656487537,9.64828599367622,,,,,,,,,,,,,,,,,,,9-12K
44,45,Iraq,43533.6,Middle East and Africa,0.433645644476193,85.25997755446939,2.6540647432741933,21.70661168280615,0.5261477659320324,29.599942498152895,77.91077686533346,53.2772762005824,4.55610666162548,,,,,,,,,,,,,,,,,,,4-6K
45,46,Ireland,5006.3,Western Europe,42.24676907097057,469.3336396140862,193.03177995725383,205.89057787188142,5.1684877054910805,303.5425364041308,636.5229810438847,735.3734294788566,33.67486966422308,,,,,,,,,,,,,,,,,,,30-40K
46,47,Israel,9370.8,Middle East and Africa,71.92844015740674,616.8385058127664,236.47350769901672,103.02273075995703,5.531847637110796,108.02100602331106,545.3225026793987,249.8906897677547,28.15586139347184,,,,,,,,,,,,,,,,,,,25-30K
47,48,Italy,59236.2,Western Europe,241.42613244378722,267.1845932048309,295.7228856678855,251.251205625389,82.46646476310094,40.06840411775232,723.9745290886317,689.72463910019,32.70971129140627,2.7573229432903084,2.535048950923028,2.1073825352290214,8.086271570424842,3.685809240520718,2.0595514229474547,5.7228519047474355,1.4799508858884716,1.2379817296405464,2.9711561511373112,1.3111351954829424,2.4140643727990656,1.2829992470820208,1.0888612031156628,1.097301987635939,12.14910251951791,59.14176353873701,111.12855539911968,30-40K
48,49,Japan,125502.0,Asia Pacific,97.8913661986574,477.2160563343587,128.99415036350942,193.19266109462077,24.84285350695507,444.46266449540303,637.6149152637861,548.8529269772097,2.8807719402200265,0.0037690956769067703,0.002058124613047776,0.0019176100812332692,0.00494280529559265,0.0026532449830856874,0.0028020250755951648,0.016746025968011218,0.004190639272350291,0.0027111039079504838,0.0011158506938210833,0.001471269803704836,0.0022730291911170217,0.003173975306868859,0.0013472863932802713,0.004231967075825146,0.021044117529396136,0.12722351021699346,0.20367168108478012,2-4K
49,50,Jordan,11148.3,Middle East and Africa,64.7931373692252,372.8819640662702,94.36416314595053,44.13228922795404,0.5381986491213908,10.584573432720683,135.5363598037369,18.20905429527372,8.153530134639364,,,,,,,,,,,,,,,,,,,6-9K
50,51,Kazakhstan,18879.6,Asia Pacific,49.41961015647113,26.298384193700986,66.68468462488711,22.961589121460626,0.5750427095065853,19.860398422468734,299.8904793245995,134.75968010849482,1.257739288588499,,,,,,,,,,,,,,,,,,,Under 2K
51,52,Kenya,53005.6,Middle East and Africa,12.70519471995962,190.57667453059415,11.964997002250815,3.601287084533089,1.691186761785569,10.071785770484457,87.18509752680794,4.808577753575906,3.937081492193218,,,,,,,,,,,,,,,,,,,2-4K
52,53,Kuwait,4336.0,Middle East and Africa,145.179889298893,431.15774907749073,405.44280442804427,50.7380073800738,9.801660516605168,50.39206642066421,1041.9741697416973,58.92527675276753,19.566997232472325,,,,,,,,,,,,,,,,,,,15-20K
53,54,Laos,7425.1,Asia Pacific,4.021377629509414,41.05378482134853,1.0850032421293778,21.444891737431863,13.173139038590332,25.804911791796165,6.128066419571152,29.537200785399573,5.848687440168597,,,,,,,,,,,,,,,,,,,4-6K
54,55,Latvia,1893.2,Eastern Europe,263.1523346714557,300.76061694485526,104.05662370589478,175.7870272554405,7.817451933234736,393.513627720262,495.24614409465454,630.5725755334882,22.392562856539193,,,,,,,,,,,,,,,,,,,20-25K
55,56,Lebanon,5592.6,Middle East and Africa,22.78952646411849,802.8214985486356,5.741561742227461,12.735781356196144,0.41642583549283657,21.77623928960476,262.5123091520356,46.38194072391574,1.3199891610969987,,,,,,,,,,,,,,,,,,,Under 2K
56,57,Lithuania,2795.7,Eastern Europe,336.6598705154344,125.62149014558072,366.5629359373324,178.55993132310334,12.376149086096506,520.084415352148,127.69610473226741,641.6997531924027,26.738920485030583,,,,,,,,,,,,,,,,,,,25-30K
57,58,Malaysia,33587.2,Asia Pacific,36.606207126524396,312.6190929878049,229.5535948218369,34.87563714748476,2.9531339319740852,73.11379037252287,895.5104176591083,25.344476467225615,14.912769968916729,1.9892250619283538,0.8950582364710367,1.032759503620427,3.17457245617378,1.118357588605183,0.6847846798780487,1.3267703172637193,1.3695693597560974,0.26051591082317077,1.4793582078887195,1.3937601229039633,1.2597805116234757,0.6754805402057926,0.21957769626524393,1.4886623475609757,4.158950433498475,71.80934999047257,94.33653296493904,12-15K
58,59,Mexico,126366.1,Latin America,314.39171221913585,197.2605825854442,116.49285270929049,67.70811238939953,11.368763162163448,118.42223156016965,153.57294512859175,137.9697321488672,17.093809897663146,2.615136863958343,1.363522576885971,1.4642400377182092,3.7585198478824218,3.349015441657376,0.6792833191685415,2.3611050460814753,1.744170631237653,0.7174120721978889,0.8190088124500913,1.7058820092228577,1.4491324185933736,1.0786360448176393,1.180632457533462,0.47449114880965665,5.654406146310225,27.210660537161864,57.62525541168705,15-20K
59,61,Morocco,37076.6,Middle East and Africa,14.975588442279616,246.77388394205119,28.30922350208921,0.17958865120765805,0.7499306314165941,2.949069316351396,103.63712409233725,8.006496241202953,5.632327036064955,,,,,,,,,,,,,,,,,,,4-6K
60,62,Myanmar,53798.1,Asia Pacific,4.738245222570502,135.7878341051741,43.38242559652816,0.26763264415107535,1.5726475756922684,3.0920951411357427,65.70907528488368,3.510422763812623,3.801032970908763,,,,,,,,,,,,,,,,,,,2-4K
61,63,Netherlands,17475.4,Western Europe,426.42800737036055,174.05180997287613,174.45237305011617,277.70465912082125,117.10747679595315,710.4701466060862,70.02700939606532,688.1244492257688,31.93376832576078,4.062854069148631,3.161587145358618,7.37465236847225,14.327282923423784,3.7409730249379116,0.41486890142714894,15.242855671400939,2.9899172551129007,0.9656431326321571,6.258798081875092,3.6980555523764833,4.52779335523078,2.4248371997207494,0.7868203302928687,1.645169781521453,18.790700069812416,65.81394417295168,156.22675303569588,30-40K
62,64,New Zealand,5103.7,Australasia,30.85343313021272,338.4733951185741,349.7985121905023,196.22365473414712,15.609590427859528,91.0450588135405,579.6187079961597,1121.0951531895162,25.301656967820733,,,,,,,,,,,,,,,,,,,25-30K
63,65,Nigeria,213401.3,Middle East and Africa,16.36187231786705,95.49291985204165,1.2395747712304708,4.689523108125384,2.137943127460242,1.2483633375653342,56.43083169613633,6.084098464372822,3.4846544498376244,,,,,,,,,,,,,,,,,,,2-4K
64,66,North Macedonia,1855.4,Eastern Europe,205.76050514019263,130.01614679470012,42.18113969922289,75.83603835669415,4.947942422730421,86.62094149259504,273.21476792733165,91.98283305681161,13.648100445731545,,,,,,,,,,,,,,,,,,,12-15K
65,67,Norway,5391.4,Western Europe,397.80088728413835,123.44763058863293,113.25650315523076,345.38888408013315,147.09125232365952,469.0941265856872,760.2780285200436,1096.8909332970616,29.346393914038682,,,,,,,,,,,,,,,,,,,25-30K
66,68,Oman,4527.4,Middle East and Africa,41.52493704996245,434.1343817643681,58.3116137297345,71.34337588903122,1.5461412731368995,20.099836550779695,449.3749171710032,66.042320095419,0.1444537703759332,,,,,,,,,,,,,,,,,,,Under 2K
67,69,Pakistan,231402.1,Asia Pacific,6.971866531699219,184.0133548425408,8.615345810214478,14.457813240777593,0.4409776984203077,8.019375104236968,52.178723473340824,1.1957550938740549,4.03923100598596,,,,,,,,,,,,,,,,,,,4-6K
68,70,Panama,4351.3,Latin America,185.5077792843518,177.51016937466963,157.28632822374922,120.42378139866246,8.870912141199183,100.42975662445706,1691.5404591731206,256.47507641394526,15.367775147657023,,,,,,,,,,,,,,,,,,,15-20K
69,71,Paraguay,6703.8,Latin America,102.39241304087021,202.64774128641503,6.745725731210557,10.646081679965167,6.955262803231328,1.0189935851812018,232.204271130342,11.904832841331498,0.9914195642490161,,,,,,,,,,,,,,,,,,,Under 2K
70,72,Peru,33461.7,Latin America,128.57905259477334,377.2042286208443,46.99323956076728,51.95885382235119,1.7553454279149943,91.33301340747309,431.13863249468403,219.68556981799932,0.08783962434349532,,,,,,,,,,,,,,,,,,,Under 2K
71,73,Philippines,113880.3,Asia Pacific,29.527714626673795,340.9744339743866,66.04074263356642,16.722236711119777,0.6502167187827921,6.21115438754552,519.8041551084779,16.5861288856223,6.653937795138111,1.30098225944259,0.4153209554242481,0.29997689094016555,0.9777261738860893,1.458173992048376,0.3067914292463227,0.5439282152693077,0.8457345124661596,0.37210123261003,0.200457190576421,1.0778404312832568,0.49183587211016017,0.5821170708776379,0.2529154149869059,0.31790507225569303,0.1967983780630481,14.596146494755166,24.236751586241574,6-9K
72,74,Poland,38265.0,Eastern Europe,311.323083177258,206.14864178172684,239.87107452415174,286.6980269175487,35.821827315359265,206.90215892097504,8.025901244246992,580.2314270366014,23.474347024405823,1.734976842777705,3.063431914862726,3.2347518039403576,10.918013270032086,5.120722447261059,0.6112345195057857,7.9286263919741,2.861622892983144,0.711413098712197,2.4217082625549895,2.3621818604178464,2.3229815468153374,1.1135792790046026,1.065667784601536,2.813711398580078,15.232951493241575,47.082480363546615,110.60005517081174,20-25K
73,75,Portugal,10371.6,Western Europe,22.625888644632138,47.244398164217664,241.2678211012123,135.27324617223957,23.413295280702428,245.63873140756164,461.4042192140075,538.3933047938601,24.397023281525193,,,,,,,,,,,,,,,,,,,20-25K
74,76,Qatar,2748.0,Middle East and Africa,70.58163512857836,1233.9731926249394,237.58187772925768,28.854318292091218,71.32459970887918,48.777899078117414,403.7785055798157,385.7199175157691,25.6023319990296,,,,,,,,,,,,,,,,,,,25-30K
75,77,Romania,19201.7,Eastern Europe,277.65770739049145,237.58023739796187,98.3014814081855,132.6879043695784,47.550766627723355,287.46008021280517,292.8936268953038,490.7464790443901,21.114962043291303,1.8950868354827377,1.5594684035499171,2.216238955694316,6.258126450609407,2.3840481716607265,0.578652468849691,3.544246371704357,2.2249187427270614,1.157304937699382,1.1688779870763757,2.6473350449873356,1.2383162833383383,1.9153396718924771,0.922950687815257,3.558712683425599,5.673687457071219,36.62870127818544,75.57201243176964,20-25K
76,78,Russia,143759.4,Eastern Europe,107.70002108355284,113.54002037765498,170.17117127264063,47.78524929238219,4.133785672068787,153.96339252603207,520.3224018837716,181.6006323426884,16.976895957497938,1.6837731597243881,2.824568126870884,1.0152284312329232,9.669981127714133,1.6909436259186559,0.26340147744192305,5.259096243779156,1.806719259487232,0.966512140976187,2.3453141770493593,0.9355909943975838,2.648141307486342,0.5982932175051006,0.9823538686146857,1.816867494034601,10.159097446321129,54.75317959434543,99.4190616928997,15-20K
77,79,Saudi Arabia,35950.4,Middle East and Africa,198.7568674865617,657.578837014949,460.92981193842377,82.38974933364982,3.911253035045816,50.64539538425782,224.87464209948521,133.17422522883376,19.992027596045908,,,,,,,,,,,,,,,,,,,15-20K
78,80,Serbia,6871.5,Eastern Europe,96.00958419848723,161.408841312751,51.09572369975166,81.65777114277566,9.910086065357529,10.555998693690851,311.5850792458582,449.7483078847896,13.567642363729849,,,,,,,,,,,,,,,,,,,12-15K
79,81,Singapore,5453.6,Asia Pacific,39.69854774827636,1816.1627182044886,647.9206395775268,133.44396362036085,32.52438756051049,287.9519950124688,1590.967434355288,898.0077380079214,53.321590325656445,10.016319495379198,1.8794924453571948,2.3379052369077304,16.31949537919906,7.38044594396362,0.7105398269033298,6.142731406777175,5.432191579873844,3.461016576206542,2.933841865923427,3.988191286489657,3.4839372157840685,2.5212703535279446,1.1460319788763385,1.0543494205662312,21.316194807099897,136.74453571952472,226.86849053835996,40-54K
80,82,Slovakia,5449.3,Eastern Europe,290.4226230892041,248.91270438404933,94.54425339034373,354.1005266731507,5.505294257978089,206.00811113354007,831.5930486484503,579.2303598627346,2.2700897362964048,,,,,,,,,,,,,,,,,,,2-4K
81,83,Slovenia,2109.0,Eastern Europe,232.4956535482851,268.61071597913707,82.89868816184607,154.89173383910227,49.07539118065434,564.5645645645646,599.8893630472578,659.3962383436068,2.802513039355145,,,,,,,,,,,,,,,,,,,2-4K
82,84,South Africa,59392.3,Middle East and Africa,36.056161039955235,345.86343684282303,20.97681199601819,50.35889425995551,11.630997059663738,58.89932982333849,87.73069535575786,209.86844160681505,7.830377890362517,0.7829297737248767,0.4506289348768929,0.8374168218962915,1.6734305438396708,0.9115472694084735,0.3631690378120471,0.9702436174386241,0.368079887647239,0.1742182441532357,1.0464787148801744,0.42350233578726154,0.7663264242820851,0.5603045811961783,0.1655657944436119,0.3715876375295189,4.114590611914339,17.076194126922925,31.056214357753447,6-9K
83,85,South Korea,51744.9,Asia Pacific,326.0447478981629,1085.7280752668057,20.857091604940738,52.9871889218216,9.852808004487963,112.75500310381835,71.771698079734,864.3743176705242,2.6245539226431727,0.009953539228339428,0.000839426865428861,0.001472514166171298,0.008000347667159981,0.0020727747179863495,0.001925054347813114,0.001969604935643138,0.0006870169596945707,0.0009613547900162933,0.00036343900598176946,0.002316630567161214,0.0022884933537948835,0.001118454231311639,0.001390447293852834,0.0018617456177388706,0.009695614772481397,0.22154303897536454,0.26845949749594017,2-4K
84,86,Spain,47398.7,Western Europe,164.18875060567768,41.97724128861481,92.42869530176989,122.16228152530203,16.290882801989646,298.22899502869626,523.618439605587,630.0278277674282,28.11672050077323,4.244138903950249,1.6139683155867144,2.971248859849181,3.460010506617271,8.825839808546085,0.8403887307739102,6.779370179632213,2.5071011089614976,1.863623545230847,3.579563715179249,1.9269164203518945,2.6758821092842915,1.1427880230189156,2.250413337637249,1.8354933785103815,15.72476319674028,49.10472228141278,111.34623242128302,25-30K
85,87,Sri Lanka,21773.4,Asia Pacific,44.964483479893495,122.08970476528926,80.22784792998513,44.41837960850019,0.5985073478961828,9.37101973228623,536.6565896911574,10.986836195577135,10.406650466408834,,,,,,,,,,,,,,,,,,,9-12K
86,88,Sweden,10379.3,Western Europe,476.6731948117013,8.156531838283016,174.82896464378837,251.61532175492655,169.51024898333486,714.2406695844788,658.6098379379237,1232.1333633464508,29.4460006936884,3.188163854104717,2.2674063673938423,2.980144921316291,13.235478307785689,2.833436831876033,0.5813581753192325,7.013522544435035,2.2641218579287625,0.9656457827336403,4.270957141092892,1.3006657481718418,1.5251072282856704,0.9470335624315179,0.9590767638034795,1.0192927706632868,23.601390179579454,86.45595297633488,155.40875501325627,25-30K
87,89,Switzerland,8670.3,Western Europe,185.69138322780066,34.05565289237134,252.2508920211422,225.74452178964134,80.56762217517901,468.1394058924248,677.191624909697,784.1502810535023,46.18399489165207,1.3840351544929241,2.7680703089858483,7.014541805725503,14.920318370025994,4.7497570074643525,0.9226901029952829,8.54536856751313,2.10750807615968,2.044597387319093,6.699988361522565,2.72612984975879,4.665876089010237,3.564939034299956,1.8768355504108591,0.7758984957005787,19.093394063118296,41.164560731357724,125.02450895586082,40-54K
88,90,Taiwan,23561.2,Asia Pacific,501.7594203204443,878.2203655024223,728.2446381155276,179.19090295497267,28.638471587048056,324.43255310723856,1030.4773858625106,566.150097434582,33.13893208990869,9.02795525947148,0.5405703651124089,1.243168452393789,12.992042345385975,1.404622625103755,0.5838733492673019,1.6541166397710203,2.1092281354916533,1.12214951654369,0.8434044794671588,0.362196483361789,1.8273285763905938,1.9824737050515022,1.3352231405641248,0.3699394010583593,14.553817522257157,111.91670593568628,163.86881593237803,30-40K
89,91,Tanzania,63588.3,Middle East and Africa,0.038723058903119625,3.5512812214089435,7.97643182801218,3.6452661776367283,0.5136611415771155,4.499927538649808,30.949086079139352,14.704432381463334,2.0102569733054065,,,,,,,,,,,,,,,,,,,2-4K
90,92,Thailand,71601.1,Asia Pacific,93.37321633326862,143.42319228801418,29.57508101598066,56.080609562329805,46.29619284247495,91.74021069508707,254.66135762346292,92.77313244256489,10.018309541799404,2.7369225705564113,0.29573568003843514,0.9570383695222557,3.0392922268885068,1.1616441646846207,0.13058458599099734,0.33903110427074445,1.0487501821433842,0.29468821009733087,0.3720846001900343,2.5844575013512356,0.8890692088994907,0.5235021994541051,0.08146988430810885,0.45402002669418945,0.9914884920296846,44.119783075958324,60.01956208307786,9-12K
91,93,Tunisia,12177.1,Middle East and Africa,49.21533041528771,47.42508479030311,24.184740209080978,19.873368864507967,6.044132018296638,17.064818388614697,277.9479514827011,21.12982565635496,7.546246643289453,,,,,,,,,,,,,,,,,,,6-9K
92,94,Turkey,83614.4,Western Europe,181.25968732658492,249.40871428844792,385.76943684341455,183.33253602250332,35.29105034539506,192.25970646204482,528.1616563654107,346.89862033333975,21.877835875160258,0.8194760711073692,1.0079603513270443,3.206146309726555,3.858665493025125,4.2983026847050265,0.6472569318203564,2.6574369964982107,2.5813735433131137,0.6137698769589929,0.7931648137162979,0.5075680743986682,1.3744044088099658,0.309994450716623,0.6022886010065253,0.322910886163149,2.2694655466044127,41.64258787959969,67.51277291949712,20-25K
93,95,Turkmenistan,6341.9,Asia Pacific,9.520017660322617,48.95023573377063,11.106687270376387,4.493921380028068,0.8376827133824248,4.316529746605907,22.903230892950063,7.5687096926788495,1.9560285561109447,,,,,,,,,,,,,,,,,,,Under 2K
94,96,Uganda,45853.8,Middle East and Africa,0.1712546807983037,148.61963886939856,6.325643510597497,3.241467128784316,0.22557719401266021,2.5361681352985403,31.82022206386355,13.10568288644716,1.8636950835180608,,,,,,,,,,,,,,,,,,,Under 2K
95,97,Ukraine,41418.7,Eastern Europe,109.5069234090435,106.10344280884398,69.74383369664386,47.49010699572068,3.5029110403121377,22.80773338290836,164.65810687401574,79.21672489578042,10.20444871519386,2.7033137673438294,1.6646161409976605,2.7425148024796138,4.257595869052032,3.712415910210003,1.064398967263008,1.4070835128208543,1.2980475210524487,0.6391585993662257,0.8839703618367175,1.7829980749176435,1.5701182814650414,1.7349703166387027,1.094773279255635,0.9841796304619667,4.226183119042562,18.415919400179508,50.182257554383455,9-12K
96,98,United Arab Emirates,9341.1,Middle East and Africa,22.301247371099954,122.1386229575843,72.35375238072993,231.81034742842238,25.44960151666,91.253609415282,1227.327713983461,95.38491184121783,30.883694834460805,7.347781699838737,3.951257443886792,4.700633855658424,9.274749615822936,8.695686024908493,0.8515641042859464,7.741934228108232,5.576528362923969,3.0461664530457284,3.347863449992749,4.4670619870542785,4.403802939307323,4.622776566123709,2.574156635241518,1.3576364862615944,53.23978779995736,74.13473787883653,199.33412553125436,30-40K
97,99,United Kingdom,67264.6,Western Europe,515.8200386448232,753.8820037370538,301.6211881350454,283.6771284067484,332.97497601158074,1011.2069137618982,648.0696065559426,943.3045019222591,34.146139701587884,6.488235586453668,3.8653318387383555,4.60441726724437,14.329337316465763,6.341692785974027,2.4190181122653773,6.195149985494386,2.3085800597299957,2.2852181640013574,3.8271032820914925,3.8122366211732683,3.385351071949967,3.920550865006046,0.8431520549335865,1.8307231016442103,27.584027429414153,89.58012726711269,183.62025280969272,30-40K
98,100,Uruguay,3425.7,Latin America,134.29658191448516,430.2450201268368,11.383564743224387,10.865689161959963,3.053914242325234,16.396483993328907,517.0328211892964,323.8031618922708,14.852090757792597,,,,,,,,,,,,,,,,,,,12-15K
99,101,USA,331893.7,North America,1531.6837891168168,876.6327893539408,462.4658437324963,437.52442423583216,318.8713735753345,1196.6988225446883,8.45782851557592,79.50738444266945,53.58706778706555,6.6617715250394935,6.036571347994855,3.496601472097843,9.292734390559385,17.730074418405653,2.5691961010407853,12.463930469303875,3.4071149889256707,1.937367295613023,8.169483180910031,5.183888696893011,6.738000751445418,1.834623555674603,2.2968197347524217,2.1552081283856848,25.1707097784622,121.39609760595033,236.54019344145428,40-54K
100,102,Uzbekistan,34081.4,Asia Pacific,3.167942987923818,10.29311934395438,8.9190961261584,48.755145584979,22.17404022165578,0.8648590086038715,9.861284728257681,10.445907357423946,4.981777131681878,,,,,,,,,,,,,,,,,,,4-6K
101,103,Venezuela,28199.9,Latin America,34.7223090975932,55.68023208625437,5.8594763698195615,34.21970526736733,2.640799051156507,45.4353059469483,41.61136132184629,54.157741779252994,0.26076414395749004,,,,,,,,,,,,,,,,,,,Under 2K
102,104,Vietnam,97468.0,Asia Pacific,3.299470123565432,451.0344956976256,25.10659259744739,15.467974304093932,7.87890563478764,15.151733248412148,87.88421134134039,20.59230752674342,8.190931968098214,,,,,,,,,,,,,,,,,,,6-9K
